order_id,quantity,price,executed_at
1f0c8c10-7a41-4c01-9001-000000000001,100,21.50,2026-05-14 10:31:20
1f0c8c10-7a41-4c01-9001-000000000002,200,1580.50,2026-06-08 09:47:30
1f0c8c10-7a41-4c01-9001-000000000003,100,1595.50,2026-06-19 11:04:01
1f0c8c10-7a41-4c01-9001-000000000004,500,164.20,2026-06-25 10:15:22
1f0c8c10-7a41-4c01-9001-000000000008,400,1425.00,2026-06-11 09:31:25
1f0c8c10-7a41-4c01-9001-000000000009,60,232.50,2026-06-30 13:52:45
1f0c8c10-7a41-4c01-9001-000000000010,150,1468.00,2026-07-09 10:28:50
1f0c8c10-7a41-4c01-9001-000000000013,15,163.00,2026-06-17 12:06:02
1f0c8c10-7a41-4c01-9001-000000000016,30,1672.00,2026-06-23 11:20:10
